program,total,average
fasterq-dump,133,44.333333333333336
bbduk.sh,172,57.333333333333336
hisat2,233,77.66666666666667
samtools,164,27.333333333333332
stringtie,112,37.333333333333336
