average,program,total
11.333333333333334,prefetch,34
26.333333333333332,fasterq-dump,79
42.333333333333336,stringtie,127
73.66666666666667,hisat2,221
39.0,hisat2-build,39
25.833333333333332,samtools,155
