average,program,total
39.333333333333336,stringtie,118
23.333333333333332,fasterq-dump,70
32.666666666666664,bbduk.sh,98
37.0,hisat2-build,37
24.833333333333332,samtools,149
69.66666666666667,hisat2,209
10.666666666666666,prefetch,32
